<?xml version="1.0" encoding="UTF-8"?>
<!DOCTYPE sqlMap
			PUBLIC "-//ibatis.apache.org//DTD SQL Map 2.0//EN"
			"http://ibatis.apache.org/dtd/sql-map-2.dtd">

<!-- namespace속성 : 아래에서 작성한 SQL을 호출할 때 같이 사용된다. -->

<sqlMap namespace = "board">
	
	<resultMap class="BoardVO" id="List">  <!-- SELECT문등을 이용해 컬럼조회시 VO의 변수와 컬럼명 불일치시 null값이 출력됨 -->
		<result property="boardnum" column="board_no"/>
		<result property="title" column="board_title"/>
		<result property="writer" column="board_writer"/>
		<result property="date" column="board_date"/>
		<result property="content" column="board_content"/>
	</resultMap>
			
	<!-- 
		이 영역에 SQL문에 맞는 태그를사용하여 SQL문을 기술한다.
		
		사용할 수 있는 기본적인 태그들
		<select> ~~~ </select>
		<insert> ~~~ </insert>
		<update> ~~~ </update>
		<delete> ~~~ </delete>
		
		위 태그에서 사용되는 속성
		1) id속성 : 해당태그를 호출할 때 <sqlMap>태그의 namespace와
					연결하여 사용하는 이름
		2) parameterClass 속성 : sql문에 사용될 데이터가 들어있는 객체를
								지정한다.(보통 VO클래스, 자바의 자료형이름 등이 사용된다.)
								(typeAlias로 지정한 alias명을 사용할 수 있다.)
	    3) resultClass 속성 : select문을 싱행한 결과를 담을 객체를 지정한다.
	    						(보통 VO클래스, 자바의 자료형이름 등이 사용된다.)
	 -->
	
	<!-- insert 연습 -->	
	<insert id="insertBoard" parameterClass = "BoardVO">
	 	
	 	INSERT INTO jdbc_board 
	 	(board_no, board_writer, board_title, board_date, board_content) 
	 	values(board_seq.nextVal, #writer#, #title#, sysdate, #content#)
	
	</insert>

	<update id="updateBoard" parameterClass = "BoardVO">
		UPDATE jdbc_board SET board_title = #title#, 
		                    board_writer = #writer#, 
		                    board_content = #content#
		               WHERE board_no = #boardnum#
		
	</update>	
	
	<delete id="deleteBoard" parameterClass="int">
		DELETE jdbc_board 
		WHERE board_no = #x#
	</delete>
	
	<!-- SELECT문등을 이용해 컬럼조회시 VO의 변수와 컬럼명 불일치시 null값이 출력됨 -->
	<select id="allList" resultClass="BoardVO" resultMap="List">
		SELECT *
		FROM jdbc_board
	</select>
	
	<!-- SELECT문등을 이용해 컬럼조회시 VO의 변수와 컬럼명 불일치시 null값이 출력됨 -->
	<select id="search" parameterClass = "BoardVO"   resultClass="BoardVO" resultMap="List">
		SELECT *
		FROM jdbc_board
		<dynamic prepend="WHERE">
			
			<isNotEmpty property="title" prepend="and">
				board_title = #title#
			</isNotEmpty>

			<isNotEmpty property="writer" prepend="and">
				board_writer = #writer#
			</isNotEmpty>

			<isNotEmpty property="content" prepend="and">
				board_content LIKE '%' || #content# || '%'
			</isNotEmpty>
		</dynamic>
	
	</select>
</sqlMap>			





