<?xml version="1.0" encoding="UTF-8"?>
<!DOCTYPE sqlMap
			PUBLIC "-//ibatis.apache.org//DTD SQL Map 2.0//EN"
			"http://ibatis.apache.org/dtd/sql-map-2.dtd">
			
<sqlMap namespace="board">
	 <select id="searchList" parameterClass="int" resultClass="boardVO">
	 	SELECT * FROM jdbc_board
	 	WHERE board_no = #board_no#
	 </select>
	 
	 <delete id="deleteList" parameterClass="int">
	 	DELETE jdbc_board
	 	WHERE board_no = #board_no#
	 </delete>
	 
	 <update id="updateList" parameterClass="boardVO">
	 	UPDATE jdbc_board SET board_title = #board_title#,
	 	board_writer = #board_writer#, board_date = sysdate,
	 	board_content = #board_content# WHERE board_no = #board_no#
	 </update>
	 
	 <select id="viewAll" resultClass="boardVO">
	 	SELECT * FROM jdbc_board
	 </select>
	 
	 <insert id="writeList" parameterClass="boardVO">
	 	INSERT INTO jdbc_board (board_no, board_title,
	 	board_writer, board_date, board_content) VALUES
	 	(board_seq.nextVal, #board_title#, #board_writer#,
	 	sysdate, #board_content#)
	 </insert>
	 <!--
		 <select id="searchMember" parameterClass = "memVO" resultClass = "memVO">
		 	SELECT * FROM mymember
		 	<dynamic prepend = "where">
			 	<isNotEmpty property="mem_id" prepend="and">
			 		mem_id = #mem_id#
			 	</isNotEmpty>
			 	<isNotEmpty property="mem_name" prepend="and">
			 		mem_name = #mem_name#
			 	</isNotEmpty>
			 	<isNotEmpty property="mem_tel" prepend="and">
			 		mem_tel = #mem_tel#
			 	</isNotEmpty>
			 	<isNotEmpty property="mem_addr" prepend="and">
			 		mem_addr LIKE '%'||#mem_addr#||'%'
			 	</isNotEmpty>
			 </dynamic>
		 </select>
	 -->
</sqlMap>			
