<?xml version="1.0" encoding="UTF-8"?>
<!DOCTYPE sqlMap
			PUBLIC "-//ibatis.apache.org//DTD SQL Map 2.0//EN"
			"http://ibatis.apache.org/dtd/sql-map-2.dtd">
<!--  namespace속성 : 아래에서 작성한 SQL문을 호출할 때 같이 사용된다. -->

<sqlMap namespace="board">
	<!-- 
		이 영역에 sql문에 맞는 태그를 사용하여 SQL문을 기술한다.
		
		사용할 수 있는 기본적인 태그들
		<select> ~~~ </select>
		<insert> ~~~ </insert>
		<update> ~~~ </update>
		<delete> ~~~ </delete>
		
		위 태그에서 사용되는 속성들
		1) id속성 : 해당 태그를 호출할 때 <sqlMap>태그의 namespace와 연결하여 사용하는 이름
		2) parameterClass 속성 : sql문에 사용될 데이터가 들어있는 객체를 지정한다.(보통 VO클래스, 자바의 자료형이름 등이 사용됨)
							   (typeAlias로 지정한 alias명을 사용할 수 있다.)
		3) resultClass 속성 : select문을 실행한 결과를 담을 객체를 지정한다. 
							(보통 VO클래스, 자바의 자료형이름 등이 사용됨)
	 -->
	 
	 <!-- 게시글  작성 -->
	 <insert id="insertBoard" parameterClass = "board.vo.BoardVO">

	 	INSERT INTO jdbc_board
		(board_title, board_writer, board_content, board_no, board_date)
		VALUES (#board_title#, #board_writer#, #board_content#, board_seq.nextval, SYSDATE) 
	 	
	 </insert>
	 
	 <!-- 게시글 수정  -->
	 <update id="updateBoard" parameterClass="boardVO">
	 
	 	UPDATE jdbc_board 
		SET board_title = #board_title# 
		   , board_date = SYSDATE
		   , board_content = #board_content#
		WHERE board_writer = #board_writer#
		AND board_no = #board_no#
	 
	 </update>
	 
	 <!-- 게시글 수정 전 수정할 게시글 보여주기  -->
	 <select id="updateList" parameterClass="String" resultClass="boardVO">
	 
	 	SELECT board_no, board_title, board_writer, TO_CHAR(TO_DATE(board_date, 'YY.MM.DD'), 'YY.MM.DD') board_date, board_content 
	 	FROM jdbc_board 
	 	WHERE board_writer = #board_writer# 
	 
	 </select>
	 
	 <!-- 게시글 삭제 -->
	 <delete id="deleteBoard" parameterClass="boardVO">
	 
	 	DELETE FROM jdbc_board 
	 	WHERE board_writer = #board_writer# AND board_no = #board_no# 
	 
	 </delete>
	 
	 <!-- 전체 게시글 조회  -->
	 <select id="getAllBoardList" resultClass="boardVO">
	
		SELECT board_no, board_title, board_writer, TO_CHAR(TO_DATE(board_date, 'YY.MM.DD'), 'YY.MM.DD') board_date, board_content 
		FROM jdbc_board	 
	
	 </select>
	 
	 <!-- 작성자 존재여부 확인  -->
	 <select id="getWriter" parameterClass="String" resultClass="int">
	 	
	 	select count(*) cnt from jdbc_board 
	 	where board_writer = #board_writer#
	 
	 </select>
	 
	 <!-- 작성자 검색으로 게시글 조회 -->
	 <select id="getSearchWriter" parameterClass="String" resultClass="boardVO">
	 	
	 	select board_no, board_title, board_writer, TO_CHAR(TO_DATE(board_date, 'YY.MM.DD'), 'YY.MM.DD') board_date, board_content from jdbc_board 
		where board_writer LIKE #board_writer# 
	 	
	 	
	 </select>
	 
	 <!-- 제목 검색으로 게시글 조회 -->
	 <select id="getSearchTitle" parameterClass="String" resultClass="boardVO">
	 	
	 	select board_no, board_title, board_writer, TO_CHAR(TO_DATE(board_date, 'YY.MM.DD'), 'YY.MM.DD') board_date, board_content from jdbc_board 
		where board_title LIKE #board_title# 
	 	
	 </select>
	 
	 <!-- 내용 검색으로 게시글 조회 -->
	 <select id="getSearchContent" parameterClass="String" resultClass="boardVO">
	 	
	 	select board_no, board_title, board_writer, TO_CHAR(TO_DATE(board_date, 'YY.MM.DD'), 'YY.MM.DD') board_date, board_content from jdbc_board 
		where board_content LIKE #board_content# 
	 	
	 </select>
</sqlMap>			





