<?xml version="1.0" encoding="UTF-8"?>
<!DOCTYPE sqlMap
			PUBLIC "-//ibatis.apache.org//DTD SQL Map 2.0//EN"
			"http://ibatis.apache.org/dtd/sql-map-2.dtd">
<!-- namespace속성 : 아래에서 작성한 SQL문을 호출할 때 같이 사용된다. -->
<sqlMap namespace="board">
	<!-- 
		이 영역에 sql문에 맞는 태그를 사용하여 SQL문을 기술한다.
		
		사용할 수 있는 기본적인 태그들
		<select> ~~~ </select>
		<insert> ~~~ </insert>
		<update> ~~~ </update>
		<delete> ~~~ </delete>
		
		위 태그에서 사용되는 속성등
		1) id속성 : 해당 태그들 호출할 때 <sqlMap>태그의 namespace와
				   연결하여 사용하는 이름
		2) parameterClass 속성 : sql문에 사용될 데이터가 들어있는 객체를 지정한다.
								(보통 VO클래스, 자바의 자료형이름 등이 사용됨)
							    (typeAlias로 지정한 alias명을 사용할 수 있다.)
		3) resultClass 속성 : select문을 실행한 결과를 담을 객체를 지정한다.
							(보통 VO클래스, 자바의 자료형이름 등이 사용됨)
	 -->
	 <!-- insert 연습 -->
	<insert id="insertBoard" parameterClass="kr.or.ddit.board.vo.BoardVO">
		insert into jdbc_board (board_no, board_title, board_writer, board_date, board_content)
		values(board_seq.nextval, #board_title#, #board_writer#, sysdate, #board_content#)
	</insert>
	
	<!-- 전체조회 -->
	<select id="getBoardAll" resultClass="boardVO">
	select * from jdbc_board 	
	</select>
	
	<update id="updateBoard" parameterClass="boardVO">
		update jdbc_board set board_title = #board_title# ,
					board_content = #board_content# ,
					board_date = to_char(sysdate, 'YY/MM/DD')
		where board_no = #board_no# 	
	</update>
	
	<delete id="deleteBoard" parameterClass="String">
		delete from jdbc_board where board_no = #aaaa#
	</delete>
	
	<select id="getsearchBoard" parameterClass="boardVO" resultClass="boardVO">
		select * from jdbc_board 
		
		<dynamic prepend="where">
			<isNotEmpty property="board_no" prepend="and">
				board_no = #board_np#
			</isNotEmpty>
			<isNotEmpty property="board_title" prepend="and">
				board_title = #board_title#
			</isNotEmpty>
			<isNotEmpty property="board_content" prepend="and">
				board_content like '%' || #board_content# || '%'
			</isNotEmpty>
		</dynamic>
	</select>
	
</sqlMap>			





