<?xml version="1.0" encoding="UTF-8"?>
<!DOCTYPE sqlMap
			PUBLIC "-//ibatis.apache.org//DTD SQL Map 2.0//EN"
			"http://ibatis.apache.org/dtd/sql-map-2.dtd">
<!-- namespace 속성 : 아래에서 작성한 sql을 호출할 때 같이 사용된다. -->
<sqlMap namespace="crud">
	<!-- 
		이 영역에서 sql문에 맞는 태그를 사용해 sql문을 기술한다.
		
		사용할 수 있는 기본적인 태그들
		<select> ~~~ </select>
		<insert> ~~~ </insert>
		<update> ~~~ </update>
		<delete> ~~~ </delete>
		
		위 태그에서 사용되는 속성들
		1) id 속성 : 해당 태그를 호출할 때 <sqlMap>태그의 namespace와 연결해 사용하는 이름
		2) parameterClass 속성 : sql문에 사용될 데이터가 들어있는 객체들 지정(보통 VO클래스, 자바의 자료형 이름 등이 사용된다)
								(typeAlias로 지정한 alias명을 사용하 수 있다)
		3)  resultClass 속성 : select 문을 실행한 결과를 담을 객체를 지정(보통 VO클래스, 자바의 자료형 이름 등이 사용된다)
			
	 -->
	 <!-- insert 연습 -->
	 <insert id="insertCrud" parameterClass="crudVO">
	 	 insert into jdbc_board (board_no,board_title,board_writer,board_date,board_content) 
	 	 values (board_seq.nextval,#board_title#, #board_title#,#board_writer#,sysdate,#board_content#) 
	 </insert>
	 <update id="modifyCrud" parameterClass="crudVO">
	 	update jdbc_board set board_title = #board_title#,
	 	 board_writer = #board_writer# ,
	 	 board_content = #board_content# 
	 	where board_no = #board_no#
	 </update>
	 <delete id="deleteCrud" parameterClass="int">
	 	delete from jdbc_board where board_no = #board_no#
	 </delete>
	 <select id="displayListCrud" resultClass="crudVO">
	 	select * from jdbc_board 
	 </select>
	 <select id="getCrud" resultClass="int">
	 	select count(*) cnt from jdbc_board 
	 	where board_no = #board_no#
	 </select>
	 <select id="search" parameterClass="CrudVO"
		resultClass="CrudVO">
		select * from jdbc_board
		<dynamic prepend="where"> <!-- 문장 뒤에 where을 붙이겠다 -->
			<isNotEmpty property="board_no" prepend="and"> <!-- mem_id가 null or ""이 아니면 자바의 if절과 비슷함 -->
				board_no = #board_no#		<!-- 값이 들어오지 않으면 실행하지 않음 -->
			</isNotEmpty>
			<isNotEmpty property="board_title" prepend="and">
				board_title = #board_title#
			</isNotEmpty>
			<isNotEmpty property="board_writer" prepend="and">
				board_writer = #board_writer#
			</isNotEmpty>
			<isNotEmpty property="board_date" prepend="and">
				board_date = #board_date#
			</isNotEmpty>
			<isNotEmpty property="board_content" prepend="and">
				board_content like '%' || #board_content# || '%'
			</isNotEmpty>
		</dynamic>
	</select>
</sqlMap>			





