<?xml version="1.0" encoding="UTF-8"?>
<!DOCTYPE sqlMap
			PUBLIC "-//ibatis.apache.org//DTD SQL Map 2.0//EN"
			"http://ibatis.apache.org/dtd/sql-map-2.dtd">

<!-- namespace속성 : 아래에서 작성한 SQL을 호출할 때 같이 사용된다. -->
<sqlMap namespace="member">
	<!--  
		이 영역에 sql문에 맞는 채그를 사용하여 SQL문을 기술한다.
		
			사용할 수 있는 기본적인 태그들
			<select> ~~~ </select>
			<insert> ~~~ </insert>
			<update> ~~~ </update>
			<delete> ~~~ </delete>

		위 태그에서 사용되는 속성들
			1) id속성				: 해당 태그를 호출할 때 <sqlMap>태그의 namespace와 연결하여 사용하는 이름
			2) parameterClass 속성	: sql문에 사용될 데이터가 들어있는 객체를 지정한다.
									  (보통 VO클래스, 자바의 자료형이름 등이 사용됨)
									  (typeAlias로 지정한 alias명을 사용할 수 있다.)
			3) resultClass 속성		: select 문을 실행한 결과를 담을 객체를 지정한다.		
								 	  (보통 VO클래스, 자바의 자료형이름 등이 사용됨)
	-->

	<!-- 추가 -->
	<insert id = "writeMember" parameterClass="kr.or.ddit.member.vo.MemberVO">
		
		INSERT INTO jdbc_board
		(BOARD_NO, BOARD_TITLE, BOARD_WRITER, BOARD_DATE, BOARD_CONTENT)
		VALUES (board_seq.nextval, #BOARD_TITLE#, #BOARD_WRITER#, SYSDATE , #BOARD_CONTENT#) 
	
	</insert>
	
	<!-- 수정 -->
	<update id = "updateMember" parameterClass="memVO">
	
		UPDATE jdbc_board
		SET BOARD_TITLE = #BOARD_TITLE# 
			, BOARD_DATE = SYSDATE
			, BOARD_CONTENT = #BOARD_CONTENT#
			, BOARD_WRITER = #BOARD_WRITER# 
		WHERE BOARD_NO = #BOARD_NO#
	
	
	</update>
	
	<!-- 삭제 -->
	<delete id = "deleteMember" parameterClass="String">
		
		DELETE FROM jdbc_board
		WHERE BOARD_NO = #BOARD_NO#	
	
	</delete>
	
	<!-- 전체 목록 -->
	<select id="getMemberAll" resultClass="memVO">
		
		SELECT * FROM jdbc_board
	
	</select>
	
	<!-- 번호로 가져오기 -->
	<select id="getNum" parameterClass="String" resultClass="int">	<!-- cnt값이 정수 -->
		
		SELECT count(*) cnt FROM jdbc_board
		WHERE BOARD_NO = #BOARD_NO# 
	
	</select>
	
	
	<!-- 검색 -->
	<select id="getSearchMember" parameterClass="memVO" resultClass="memVO">
			
			SELECT * FROM jdbc_board
			
			<dynamic prepend="where">
				<isNotEmpty property="BOARD_NO" prepend="and">		
					BOARD_NO = #BOARD_NO#						<!-- mem_id가 not null이면 and붙여서 쿼리실행-->
				</isNotEmpty>
				<isNotEmpty property="BOARD_TITLE" prepend="and">		
					BOARD_TITLE = #BOARD_TITLE#			
				</isNotEmpty>
				<isNotEmpty property="BOARD_WRITER" prepend="and">		
					BOARD_WRITER = #BOARD_WRITER#			
				</isNotEmpty>
				<isNotEmpty property="BOARD_CONTENT" prepend="and">		
					BOARD_CONTENT like '%' || #BOARD_CONTENT# ||'%'		
				</isNotEmpty>
			</dynamic>
	</select>


</sqlMap>			





